<?xml version="1.0" encoding="UTF-8"?>
<project-private xmlns="http://www.netbeans.org/ns/project-private/1">
    <editor-bookmarks xmlns="http://www.netbeans.org/ns/editor-bookmarks/2" lastBookmarkId="0"/>
    <open-files xmlns="http://www.netbeans.org/ns/projectui-open-files/2">
        <group>
            <file>file:/home/diego/UPS/56/ProgramacionAplicada/EmpresaDirectorio/src/vista/VistaEmpresa.java</file>
            <file>file:/home/diego/UPS/56/ProgramacionAplicada/EmpresaDirectorio/src/controlador/ControladorPersona.java</file>
            <file>file:/home/diego/UPS/56/ProgramacionAplicada/EmpresaDirectorio/src/vista/VistaPersona.java</file>
            <file>file:/home/diego/UPS/56/ProgramacionAplicada/EmpresaDirectorio/src/modelo/Directivo.java</file>
            <file>file:/home/diego/UPS/56/ProgramacionAplicada/EmpresaDirectorio/src/empresadirectorio/EmpresaDirectorio.java</file>
            <file>file:/home/diego/UPS/56/ProgramacionAplicada/EmpresaDirectorio/src/modelo/Cliente.java</file>
            <file>file:/home/diego/UPS/56/ProgramacionAplicada/EmpresaDirectorio/src/modelo/Persona.java</file>
            <file>file:/home/diego/UPS/56/ProgramacionAplicada/EmpresaDirectorio/src/controlador/ControladorEmpresa.java</file>
            <file>file:/home/diego/UPS/56/ProgramacionAplicada/EmpresaDirectorio/src/vista/VistaGeneral.java</file>
            <file>file:/home/diego/UPS/56/ProgramacionAplicada/EmpresaDirectorio/src/modelo/Empleado.java</file>
            <file>file:/home/diego/UPS/56/ProgramacionAplicada/EmpresaDirectorio/src/modelo/Empresa.java</file>
        </group>
    </open-files>
</project-private>
